User,Prompt
"Patient presents with the following symptoms: itching, skin rash, nodal skin eruptions, and dischromic patches. What could be the possible disease?","The possible disease based on the symptoms of itching, skin rash, nodal skin eruptions, and dischromic patches is ""Fungal infection.""
Prevention:
Keep the skin clean and dry.
Avoid sharing personal items like towels and razors.
Wear loose, breathable clothing.
Curing Methods:
Over-the-counter antifungal creams.
Prescription antifungal medications.
Keeping the affected area clean and dry."
"Symptoms reported by the patient include skin rash, nodal skin eruptions, and dischromic patches. What could be the underlying condition?","The underlying condition with symptoms of skin rash, nodal skin eruptions, and dischromic patches is ""Fungal infection.""Prevention: Maintain good personal hygiene.
Avoid wearing tight or damp clothing for extended periods.
Ensure proper ventilation in living spaces."
"A patient complains of itching, nodal skin eruptions, and dischromic patches. What is the likely diagnosis?","The likely diagnosis for symptoms of itching, nodal skin eruptions, and dischromic patches is ""Fungal infection.""
Prevention:
Regularly wash and dry the affected area.
Avoid sharing personal items.
Maintain a strong immune system through a healthy diet and lifestyle.
Curing Methods:
Use antifungal creams or ointments.
Oral antifungal medications (as prescribed by a healthcare professional).
Keep the skin dry and free from moisture."
"What disease is characterized by itching, skin rash, and nodal skin eruptions?","The disease characterized by itching, skin rash, and nodal skin eruptions is ""Fungal infection.""
Prevention:
Keep the skin clean and dry.
Avoid sharing personal items.
Choose breathable clothing materials.
Curing Methods:
Antifungal creams or ointments.
Oral antifungal medications (prescribed by a healthcare provider).
Maintaining good hygiene practices."
"What disease is characterized by itching, skin rash, and nodal skin eruptions?","The disease that includes itching, skin rash, and nodal skin eruptions is ""Fungal infection.""
Prevention:
Keep the skin clean and dry.
Avoid sharing personal items.
Use antifungal powders or sprays.
Curing Methods:
Topical antifungal treatments.
Oral antifungal medications.
Ensuring proper hygiene and dry skin."
"Among the listed symptoms, which disease includes itching, skin rash, and nodal skin eruptions?","The disease that includes itching, skin rash, and nodal skin eruptions is ""Fungal infection.""
Prevention:
Keep the skin clean and dry.
Avoid sharing personal items.
Use antifungal powders or sprays.
Curing Methods:
Topical antifungal treatments.
Oral antifungal medications.
Ensuring proper hygiene and dry skin."
"Please identify the disease associated with itching, nodal skin eruptions, and dischromic patches as symptoms.","The disease associated with itching, nodal skin eruptions, and dischromic patches is ""Fungal infection.""
Prevention:
Maintain clean and dry skin.
Avoid sharing personal items.
Use antifungal products for prevention.
Curing Methods:
Over-the-counter antifungal creams.
Prescription antifungal medications.
Good personal hygiene and keeping the skin dry."
"The patient's symptoms consist of itching, skin rash, and dischromic patches. What disease should be considered in the differential diagnosis?","The disease that should be considered in the differential diagnosis for symptoms of itching, skin rash, and dischromic patches is ""Fungal infection.""
Prevention:
Keep the skin clean and dry.
Avoid sharing personal items.
Choose loose-fitting clothing.
Curing Methods:
Antifungal creams, ointments, or powders.
Prescription antifungal medications.
Proper hygiene and maintaining dry skin."
"What condition presents with itching, skin rash, nodal skin eruptions, and dischromic patches as symptoms?","The condition presenting with itching, skin rash, nodal skin eruptions, and dischromic patches as symptoms is ""Fungal infection.""
Prevention:
Regularly wash and dry the affected area.
Avoid sharing personal items.
Keep the skin dry and well-ventilated.
Curing Methods:
Topical antifungal treatments.
Oral antifungal medications (as prescribed by a healthcare provider).
Maintaining good hygiene practices."
"Can you determine the disease that may be responsible for itching, skin rash, nodal skin eruptions, and dischromic patches based on the symptoms provided?","The disease that may be responsible for itching, skin rash, nodal skin eruptions, and dischromic patches is ""Fungal infection.""
Prevention:
Keep the skin clean and dry.
Avoid sharing personal items.
Use antifungal products for prevention.
Curing Methods:
Over-the-counter antifungal creams.
Prescription antifungal medications.
Good personal hygiene and keeping the skin dry."
"A patient reports continuous sneezing, shivering, chills, and watering from the eyes. What could be the possible disease?","The possible disease based on the symptoms of continuous sneezing, shivering, chills, and watering from the eyes is ""Allergy.""
Prevention:
Identify and avoid allergens that trigger the symptoms (e.g., pollen, dust, pet dander).
Keep windows closed during high pollen seasons.
Use air purifiers and avoid smoking indoors.
Curing Methods:
Over-the-counter antihistamines.
Prescription allergy medications (e.g., corticosteroids).
Allergen immunotherapy (in severe cases)."
"Based on the symptoms of shivering, chills, and watering from the eyes, what is the likely diagnosis for this patient?","The likely diagnosis for symptoms of shivering, chills, and watering from the eyes is ""Allergy.""
Prevention:
Identify and minimize exposure to allergens.
Use allergen-proof covers for pillows and mattresses.
Regularly clean and vacuum your home.
Curing Methods:
Over-the-counter or prescription antihistamines.
Nasal corticosteroids.
Decongestants (for short-term relief)."
"The patient is experiencing continuous sneezing, chills, and watering from the eyes. What condition should be considered in the differential diagnosis?","The condition to consider in the differential diagnosis for symptoms of continuous sneezing, chills, and watering from the eyes is ""Allergy.""
Prevention:
Reduce allergen exposure at home and work.
Monitor pollen and air quality reports.
Keep windows closed and use air filters.
Curing Methods:
Antihistamines.
Corticosteroid nasal sprays.
Decongestants (short-term use)."
"What disease is characterized by continuous sneezing, shivering, and watering from the eyes as symptoms?","The disease characterized by continuous sneezing, shivering, and watering from the eyes is ""Allergy.""
Prevention:
Identify and avoid allergens.
Maintain a clean living environment.
Use allergy-friendly bedding and covers.
Curing Methods:
Antihistamines (over-the-counter or prescription).
Corticosteroid nasal sprays.
Decongestants as needed."
"Please identify the disease associated with shivering, chills, and watering from the eyes as symptoms.","The disease associated with shivering, chills, and watering from the eyes is ""Allergy.""
Prevention:
Identify and minimize exposure to allergens.
Use air purifiers and keep indoor air clean.
Follow local pollen and allergen reports.
Curing Methods:
Antihistamines (over-the-counter or prescription).
Nasal corticosteroids.
Allergen avoidance."
"The patient presents with continuous sneezing, shivering, and chills. What is the likely diagnosis, and how can it be treated?","The likely diagnosis for a patient with continuous sneezing, shivering, and chills is ""Allergy.""
Prevention:
Identify and avoid allergens.
Maintain good indoor air quality.
Keep pets out of bedrooms.
Curing Methods:
Antihistamines.
Nasal corticosteroid sprays.
Allergen avoidance and lifestyle modifications."
"Among the listed symptoms, which disease includes continuous sneezing, chills, and watering from the eyes?","The disease that includes continuous sneezing, chills, and watering from the eyes is ""Allergy.""
Prevention:
Identify and reduce exposure to allergens.
Use air purifiers and maintain a clean home.
Consult an allergist for comprehensive management.
Curing Methods:
Antihistamines.
Nasal corticosteroid sprays.
Allergen avoidance strategies."
"Can you determine the disease that may be responsible for shivering, chills, and watering from the eyes based on the symptoms provided?","The disease that may be responsible for shivering, chills, and watering from the eyes based on the symptoms provided is ""Allergy.""
Prevention:
Identify and avoid allergens.
Keep windows closed during high pollen seasons.
Use allergen-avoidance strategies.
Curing Methods:
Antihistamines (over-the-counter or prescription).
Nasal corticosteroid sprays.
Allergen avoidance and education."
"The possible disease for a patient with continuous sneezing, shivering, and watering from the eyes is?","The possible disease for a patient with continuous sneezing, shivering, and watering from the eyes is ""Allergy.""
Prevention:
Identify and avoid allergens.
Keep indoor environments clean and allergen-free.
Use allergen-proof covers for bedding.
Curing Methods:
Antihistamines (over-the-counter or prescription).
Nasal corticosteroid sprays.
Allergen avoidance and consultation with an allergist."
"What condition presents with continuous sneezing, shivering, chills, and watering from the eyes as symptoms?","The condition that presents with continuous sneezing, shivering, chills, and watering from the eyes as symptoms is ""Allergy.""
Prevention:
Identify and reduce exposure to allergens.
Use air purifiers and keep indoor air clean.
Follow personalized allergy management plans.
Curing Methods:
Antihistamines.
Nasal corticosteroid sprays.
Allergen avoidance strategies and lifestyle modifications."
"A patient is experiencing stomach pain, acidity, ulcers on the tongue, vomiting, cough, and chest pain. What could be the possible disease?","The possible disease based on the symptoms of stomach pain, acidity, ulcers on the tongue, vomiting, cough, and chest pain is ""GERD.""
Prevention:
Maintain a healthy weight.
Avoid trigger foods and beverages (e.g., spicy, fatty, and acidic foods).
Elevate the head of your bed to prevent nighttime reflux.
Curing Methods:
Lifestyle modifications (diet and weight management).
Antacids or over-the-counter acid-reducing medications.
Prescription medications and, in severe cases, surgery."
"Based on the symptoms of stomach pain, ulcers on the tongue, vomiting, cough, and chest pain, what is the likely diagnosis for this patient?","The likely diagnosis for symptoms of stomach pain, ulcers on the tongue, vomiting, cough, and chest pain is ""GERD.""
Prevention:
Avoid eating close to bedtime.
Reduce or eliminate alcohol and tobacco use.
Practice stress management techniques.
Curing Methods:
Lifestyle changes (diet and eating habits).
Over-the-counter antacids and H2 blockers.
Prescription proton pump inhibitors (PPIs) and, in some cases, surgery."
"The patient complains of stomach pain, acidity, vomiting, cough, and chest pain. What condition should be considered in the differential diagnosis?","The condition to consider in the differential diagnosis for symptoms of stomach pain, acidity, vomiting, cough, and chest pain is ""GERD.""
Prevention:
Maintain a healthy, balanced diet.
Avoid large, heavy meals.
Wear loose-fitting clothing.
Curing Methods:
Dietary modifications and weight management.
Antacids and H2 blockers.
PPIs, as prescribed by a healthcare provider."
"What disease is characterized by stomach pain, acidity, ulcers on the tongue, and chest pain as symptoms?","The disease characterized by stomach pain, acidity, ulcers on the tongue, and chest pain is ""GERD.""
Prevention:
Avoid trigger foods and beverages.
Eat smaller, more frequent meals.
Elevate the head of your bed.
Curing Methods:
Dietary changes and weight management.
Antacids, H2 blockers, and lifestyle modifications.
PPIs or surgical intervention in severe cases."
"Please identify the disease associated with ulcers on the tongue, vomiting, and cough as symptoms.","The disease associated with ulcers on the tongue, vomiting, and cough is ""GERD.""
Prevention:
Maintain a healthy weight.
Avoid lying down immediately after meals.
Limit caffeine and alcohol intake.
Curing Methods:
Lifestyle changes (diet and eating habits).
Over-the-counter antacids and H2 blockers.
Consultation with a healthcare provider for prescription medications."
"The patient presents with stomach pain, acidity, ulcers on the tongue, vomiting, cough, and chest pain. What is the likely diagnosis, and how can it be treated?","The likely diagnosis for a patient with stomach pain, acidity, ulcers on the tongue, vomiting, cough, and chest pain is ""GERD.""
Prevention:
Identify and avoid trigger foods and beverages.
Eat slowly and chew food thoroughly.
Manage stress and avoid tight-fitting clothing.
Curing Methods:
Lifestyle adjustments, dietary changes.
Antacids, H2 blockers, and PPIs.
Consultation with a gastroenterologist for severe cases."
"Among the listed symptoms, which disease includes acidity, ulcers on the tongue, and chest pain?","The disease that includes acidity, ulcers on the tongue, and chest pain is ""GERD.""
Prevention:
Maintain a healthy diet and weight.
Avoid lying down after eating.
Raise the head of the bed.
Curing Methods:
Lifestyle changes and dietary adjustments.
Over-the-counter antacids and H2 blockers.
Consultation with a healthcare provider for prescription medications."
"Can you determine the disease that may be responsible for stomach pain, vomiting, cough, and chest pain based on the symptoms provided?","The disease that may be responsible for stomach pain, vomiting, cough, and chest pain based on the symptoms provided is ""GERD.""
Prevention:
Avoid trigger foods and beverages.
Practice portion control and avoid late-night eating.
Elevate the head of the bed.
Curing Methods:
Lifestyle modifications (diet, weight management).
Over-the-counter antacids, H2 blockers.
Consultation with a healthcare provider for prescription medications."
"The possible disease for a patient with stomach pain, acidity, vomiting, cough, and chest pain is?","The possible disease for a patient with stomach pain, acidity, vomiting, cough, and chest pain is ""GERD.""
Prevention:
Maintain a healthy lifestyle and diet.
Avoid lying down after meals.
Elevate the upper body during sleep.
Curing Methods:
Lifestyle changes and dietary management.
Over-the-counter antacids and H2 blockers.
Consultation with a healthcare provider for prescription medications."
"What condition presents with stomach pain, acidity, ulcers on the tongue, and cough as symptoms?","The condition that presents with stomach pain, acidity, ulcers on the tongue, and cough as symptoms is ""GERD.""
Prevention:
Identify and avoid trigger foods.
Eat smaller, more frequent meals.
Maintain good posture and avoid bending after meals.
Curing Methods:
Lifestyle adjustments (diet, weight management).
Over-the-counter antacids and H2 blockers.
Consultation with a healthcare provider for tailored treatment."
"A patient reports symptoms of itching, vomiting, yellowish skin, nausea, loss of appetite, abdominal pain, and yellowing of the eyes. What could be the possible disease?","The possible disease based on the symptoms of itching, vomiting, yellowish skin, nausea, loss of appetite, abdominal pain, and yellowing of the eyes is ""Chronic Cholestasis.""
Prevention:
Preventing chronic cholestasis often involves managing underlying liver conditions.
Avoiding excessive alcohol consumption.
Following a healthy diet and exercise routine.
Curing Methods:
Treatment typically focuses on managing the underlying liver condition causing cholestasis.
Medications to improve bile flow.
In severe cases, liver transplantation may be necessary."
"Based on the symptoms of vomiting, yellowish skin, nausea, loss of appetite, abdominal pain, and yellowing of the eyes, what is the likely diagnosis for this patient?","The likely diagnosis for symptoms of vomiting, yellowish skin, nausea, loss of appetite, abdominal pain, and yellowing of the eyes is ""Chronic Cholestasis.""
Prevention:
Manage risk factors for liver disease (e.g., alcohol, viral hepatitis).
Maintain a healthy lifestyle.
Monitor and manage any existing liver conditions.
Curing Methods:
Management and treatment of the underlying liver condition.
Medications to promote bile flow.
Dietary modifications and symptom relief."
"The patient complains of itching, yellowish skin, nausea, loss of appetite, abdominal pain, and yellowing of the eyes. What condition should be considered in the differential diagnosis?","The condition to consider in the differential diagnosis for symptoms of itching, yellowish skin, nausea, loss of appetite, abdominal pain, and yellowing of the eyes is ""Chronic Cholestasis.""
Prevention:
Maintain a healthy liver through lifestyle and dietary choices.
Manage existing liver conditions.
Avoid excessive alcohol and substance abuse.
Curing Methods:
Addressing the underlying liver condition causing cholestasis.
Medications to alleviate symptoms.
In severe cases, liver transplantation may be required."
"What disease is characterized by itching, vomiting, nausea, and yellowing of the eyes as symptoms?","The disease characterized by itching, vomiting, nausea, and yellowing of the eyes is ""Chronic Cholestasis.""
Prevention:
Prevent or manage liver conditions.
Maintain a balanced and healthy lifestyle.
Avoid excessive alcohol intake.
Curing Methods:
Treating the underlying liver condition.
Medications to improve bile flow and manage symptoms.
Liver transplantation in severe cases."
"Please identify the disease associated with yellowish skin, loss of appetite, and abdominal pain as symptoms.","The disease associated with yellowish skin, loss of appetite, and abdominal pain is ""Chronic Cholestasis.""
Prevention:
Address liver disease risk factors.
Manage existing liver conditions.
Maintain a healthy lifestyle.
Curing Methods:
Managing the underlying liver condition.
Medications to relieve symptoms.
Possible liver transplantation in severe cases."
"The patient presents with itching, vomiting, yellowish skin, nausea, abdominal pain, and yellowing of the eyes. What is the likely diagnosis, and how can it be treated?","The likely diagnosis for a patient with itching, vomiting, yellowish skin, nausea, abdominal pain, and yellowing of the eyes is ""Chronic Cholestasis.""
Prevention:
Prevent or manage liver conditions through lifestyle choices.
Avoid excessive alcohol consumption.
Monitor and address any existing liver diseases.
Curing Methods:
Treatment focuses on managing the underlying liver condition.
Medications to promote bile flow and manage symptoms.
Liver transplantation may be considered in severe cases."
"Among the listed symptoms, which disease includes itching, nausea, and loss of appetite?","The disease that includes itching, nausea, and loss of appetite is ""Chronic Cholestasis.""
Prevention:
Address risk factors for liver disease.
Maintain a healthy lifestyle.
Manage existing liver conditions effectively.
Curing Methods:
Managing the underlying liver condition causing cholestasis.
Medications for symptom relief and bile flow.
Liver transplantation in severe cases."
"Can you determine the disease that may be responsible for vomiting, yellowish skin, and abdominal pain based on the symptoms provided?","The disease that may be responsible for vomiting, yellowish skin, and abdominal pain based on the symptoms provided is ""Chronic Cholestasis.""
Prevention:
Manage or prevent liver conditions through lifestyle and dietary choices.
Avoid excessive alcohol intake.
Seek medical care for existing liver diseases.
Curing Methods:
Addressing the underlying liver condition.
Medications to improve bile flow and manage symptoms.
Consideration of liver transplantation in severe cases."
"The possible disease for a patient with itching, vomiting, loss of appetite, and yellowing of the eyes is?","The possible disease for a patient with itching, vomiting, loss of appetite, and yellowing of the eyes is ""Chronic Cholestasis.""
Prevention:
Prevent or manage liver disease risk factors.
Maintain a healthy lifestyle.
Address existing liver conditions effectively.
Curing Methods:
Treatment directed at the underlying liver condition causing cholestasis.
Medications for symptom management.
Evaluation for liver transplantation in severe cases."
"What condition presents with itching, yellowish skin, nausea, and abdominal pain as symptoms?","The condition that presents with itching, yellowish skin, nausea, and abdominal pain as symptoms is ""Chronic Cholestasis.""
Prevention:
Address liver disease risk factors through lifestyle choices.
Manage existing liver conditions.
Avoid excessive alcohol and substance abuse.
Curing Methods:
Focused treatment on the underlying liver condition.
Medications to improve bile flow and relieve symptoms.
Potential consideration of liver transplantation in severe cases."
